user_location,search_products,seller_id,seller_location,price,distance_to_user,product
Dhalai,Bamboo black mudda set,S1,Mohanpur,1500,62.26,Bamboo black mudda set
Dhalai,Wooden Tea Table,S2,Agartala,3000,79.35,Wooden Tea Table
Dhalai,Wooden tea table,S1,Dharmanagar,3500,31.78,Wooden tea table
Dhalai,Rattan bamboo round chair,S1,Gomati,2500,92.79,Rattan bamboo round chair
Dhalai,Bamboo Chair,S2,North Tripura,1000,20.61,Bamboo Chair
Dhalai,Bamboo chairs set of 2,S3,Unakoti,6000,21.3,Bamboo chairs set of 2
Dhalai,Bamboo chairs,S1,Khowai,3000,37.5,Bamboo chairs
Dhalai,Rattan bamboo dinning table set of 2,S3,Matabari,5000,87.09,Rattan bamboo dinning table set of 2
Dhalai,Ratan bamboo dinning table with chairs,S3,Sipahijala,10000,99.66,Ratan bamboo dinning table with chairs
Dhalai,Large round rattan table with 4 bamboo wicker stools,S3,Jirania,8000,70.1,Large round rattan table with 4 bamboo wicker stools
Dhalai,Rounded bamboo coffee table,S3,Melaghar,3000,103.16,Rounded bamboo coffee table
Dhalai,Bamboo chair and morah set,S3,South Tripura,5000,115.26,Bamboo chair and morah set
Dhalai,Bamboo bed,S1,Jogendranagar,5000,77.29,Bamboo bed
Dhalai,Cane apple chair,S2,Dhalai,8000,0,Cane apple chair
Dhalai,Bamboo and cane morah,S1,West Tripura,1500,77.71,Bamboo and cane morah
Gomati,Bamboo coffee table,S1,Mohanpur,2500,58.57,Bamboo coffee table
Gomati,Blackpolish coin necklace,S4,Agartala,250,51.16,Blackpolish coin necklace
Gomati,Silver coin choker,S4,Dharmanagar,300,124.57,Silver coin choker
Gomati,Silver bracelet,S4,Gomati,200,0,Silver bracelet
Gomati,Tribal traditional necklace,S5,North Tripura,300,111.5,Tribal traditional necklace
Gomati,Tripura coin necklace,S5,Unakoti,300,112.12,Tripura coin necklace
Gomati,Morocean silver necklace,S5,Khowai,500,73.3,Morocean silver necklace
Gomati,Kanthi traditional ornaments of the reang,S6,Matabari,700,9.35,Kanthi traditional ornaments of the reang
Gomati,Silver coin necklace,S6,Sipahijala,500,27.85,Silver coin necklace
Gomati,Coin jewellery of tribal,S6,Jirania,250,48.49,Coin jewellery of tribal
Gomati,Silver mercury dime necklace,S7,Melaghar,400,25.94,Silver mercury dime necklace
Gomati,Traditional jewellery,S7,South Tripura,300,25.28,Traditional jewellery
Gomati,Long coin chain,S7,Jogendranagar,450,52.44,Long coin chain
Gomati,Tripuras traditional jewellery,S4,Dhalai,300,92.79,Tripuras traditional jewellery
Gomati,Tribal Silver kuchi banjara gypsy belly dance necklace,S5,West Tripura,500,51.49,Tribal Silver kuchi banjara gypsy belly dance necklace
Khowai,Tradisional jewellery,S6,Mohanpur,200,26.09,Tradisional jewellery
Khowai,Tripuras indigenous ethnic necklace,S7,Agartala,500,44.12,Tripuras indigenous ethnic necklace
Khowai,Cane kulo/kula,S8,Dharmanagar,250,63.31,Cane kulo/kula
Khowai,Cane hand fan,S8,Gomati,150,73.3,Cane hand fan
Khowai,Cane table mat,S8,North Tripura,500,47.09,Cane table mat
Khowai,Multicolored cane hand fan,S10,Unakoti,230,47.49,Multicolored cane hand fan
Khowai,Window bamboo curtains,S10,Khowai,1000,0,Window bamboo curtains
Khowai,a,S9,Matabari,300,65.17,a
Khowai,b,S9,Sipahijala,550,70.72,b
Khowai,c,S11,Jirania,567,36.07,c
Khowai,d,S11,Melaghar,600,75.15,d
Khowai,e,S11,South Tripura,750,98.39,e
Khowai,Bamboo cane hanging lampshade,S12,Jogendranagar,500,41.82,Bamboo cane hanging lampshade
Khowai,f,S12,Dhalai,765,37.5,f
Khowai,g,S12,West Tripura,345,42.44,g
Sipahijala,h,S12,Mohanpur,759,48.2,h
Sipahijala,i,S12,Agartala,875,33.59,i
Sipahijala,Cane hair stick,S13,Dharmanagar,100,130.5,Cane hair stick
Sipahijala,Ladies cane handbag,S13,Gomati,250,27.85,Ladies cane handbag
Sipahijala,j,S13,North Tripura,450,115.49,j
Sipahijala,k,S14,Unakoti,950,116.01,k
Sipahijala,l,S14,Khowai,359,70.72,l
Sipahijala,m,S14,Matabari,690,22.39,m
Sipahijala,n,S15,Sipahijala,560,0,n
Sipahijala,o,S15,Jirania,490,36.47,o
Sipahijala,p,S15,Melaghar,3500,5.19,p
Sipahijala,q,S13,South Tripura,561,44.74,q
Sipahijala,r,S16,Jogendranagar,460,35.75,r
Sipahijala,s,S16,Dhalai,860,99.66,s
Sipahijala,t,S17,West Tripura,555,34.71,t
Unakoti,u,S18,Mohanpur,450,73.57,u
Unakoti,v,S19,Agartala,350,91.6,v
Unakoti,Rina risaiTraditional attire of Tripura,S20,Dharmanagar,255,16.25,Rina risaiTraditional attire of Tripura
Unakoti,w,S20,Gomati,650,112.12,w
Unakoti,x,S21,North Tripura,760,0.7,x
Unakoti,y,S22,Unakoti,565,0,y
Unakoti,z,S23,Khowai,345,47.49,z
Unakoti,a1,S24,Matabari,850,105.72,a1
Unakoti,b2,S25,Sipahijala,950,116.01,b2
Unakoti,c2,S26,Jirania,2999,83.27,c2
Unakoti,d2,S27,Melaghar,1050,119.95,d2
Unakoti,e2,S28,South Tripura,1150,135.35,e2
Unakoti,Wooden water bottle,S29,Jogendranagar,1200,89.3,Wooden water bottle
Unakoti,f2,S29,Dhalai,349,21.3,f2
Unakoti,g2,S29,West Tripura,459,89.92,g2
North Tripura,h2,S30,Mohanpur,959,73.18,h2
North Tripura,i2,S30,Agartala,1300,91.2,i2
North Tripura,j2,S30,Dharmanagar,1500,16.49,j2
North Tripura,k2,S31,Gomati,1679,111.5,k2
North Tripura,l2,S31,North Tripura,1400,0,l2
North Tripura,m2,S31,Unakoti,450,0.7,m2
North Tripura,n2,S32,Khowai,670,47.09,n2
North Tripura,a2,S33,Matabari,750,105.12,a2
North Tripura,b3,S34,Sipahijala,230,115.46,b3
North Tripura,c3,S35,Jirania,1500,82.84,c3
North Tripura,d3,S36,Melaghar,269,119.42,d3
North Tripura,e3,S37,South Tripura,458,134.71,e3
North Tripura,f3,S38,Jogendranagar,679,88.91,f3
North Tripura,g3,S39,Dhalai,860,20.61,g3
North Tripura,h3,S40,West Tripura,875,89.52,h3
South Tripura,i3,S41,Mohanpur,459,83.55,i3
South Tripura,j3,S42,Agartala,971,74.44,j3
South Tripura,k3,S43,Dharmanagar,349,146.88,k3
South Tripura,l3,S44,Gomati,840,25.28,l3
South Tripura,m3,S45,North Tripura,249,134.71,m3
South Tripura,n3,S46,Unakoti,1100,135.35,n3
South Tripura,o3,S47,Khowai,2300,98.39,o3
South Tripura,p3,S48,Matabari,4500,34.24,p3
South Tripura,q3,S49,Sipahijala,9000,44.74,q3
South Tripura,r3,S50,Jirania,800,73.04,r3
South Tripura,s3,S49,Melaghar,700,40.45,s3
South Tripura,t3,S48,South Tripura,600,0,t3
South Tripura,u3,S47,Jogendranagar,500,76.02,u3
South Tripura,v3,S46,Dhalai,400,115.26,v3
South Tripura,w3,S45,West Tripura,300,75.02,w3
West Tripura,x3,S44,Mohanpur,200,16.46,x3
West Tripura,y3,S43,Agartala,1200,1.68,y3
West Tripura,z3,S42,Dharmanagar,1500,105.64,z3
West Tripura,a3,S41,Gomati,2500,51.49,a3
West Tripura,b4,S40,North Tripura,2700,89.52,b4
West Tripura,c4,S39,Unakoti,3000,89.92,c4
West Tripura,d4,S38,Khowai,290,42.44,d4
West Tripura,e4,S37,Matabari,960,42.22,e4
West Tripura,f4,S36,Sipahijala,349,34.71,f4
West Tripura,g4,S35,Jirania,579,8.47,g4
West Tripura,h4,S34,Melaghar,890,39.87,h4
West Tripura,i4,S33,South Tripura,560,75.02,i4
West Tripura,j4,S32,Jogendranagar,450,1.05,j4
West Tripura,k4,S31,Dhalai,650,77.71,k4
West Tripura,l4,S30,West Tripura,420,0,l4
Dhalai,Bamboo black mudda set,S16,Khowai,1272.47,33.93,Bamboo black mudda set
Dhalai,Bamboo black mudda set,S17,Dharmanagar,1540.23,47.33,Bamboo black mudda set
Dhalai,Bamboo black mudda set,S15,Dharmanagar,1366.92,37.43,Bamboo black mudda set
Dhalai,Bamboo black mudda set,S11,Khowai,1489.24,42.54,Bamboo black mudda set
Dhalai,Wooden Tea Table,S7,Ambassa,2729.24,57.32,Wooden Tea Table
Dhalai,Wooden Tea Table,S8,Ambassa,3254.3,108.25,Wooden Tea Table
Dhalai,Wooden Tea Table,S8,Belonia,2761.17,67.59,Wooden Tea Table
Dhalai,Wooden Tea Table,S14,Udaipur,2424.27,97.6,Wooden Tea Table
Dhalai,Wooden tea table,S10,Ambassa,3268.96,17.74,Wooden tea table
Dhalai,Wooden tea table,S16,Belonia,3441.95,38.63,Wooden tea table
Dhalai,Wooden tea table,S14,Khowai,3090.02,29.62,Wooden tea table
Dhalai,Wooden tea table,S6,Agartala,3377.74,8.41,Wooden tea table
Dhalai,Rattan bamboo round chair,S8,Belonia,2936.43,84.61,Rattan bamboo round chair
Dhalai,Rattan bamboo round chair,S5,Udaipur,2290.02,88.17,Rattan bamboo round chair
Dhalai,Rattan bamboo round chair,S20,Agartala,2456.39,107.06,Rattan bamboo round chair
Dhalai,Rattan bamboo round chair,S11,Dharmanagar,2514.18,72.16,Rattan bamboo round chair
Dhalai,Bamboo Chair,S11,Agartala,831.91,5.81,Bamboo Chair
Dhalai,Bamboo Chair,S10,Udaipur,935.3,46.37,Bamboo Chair
Dhalai,Bamboo Chair,S7,Udaipur,818.64,-4.53,Bamboo Chair
Dhalai,Bamboo Chair,S12,Dharmanagar,1131.79,46.86,Bamboo Chair
Dhalai,Bamboo chairs set of 2,S11,Belonia,6530.81,11.85,Bamboo chairs set of 2
Dhalai,Bamboo chairs set of 2,S20,Kumarghat,6300.66,44.06,Bamboo chairs set of 2
Dhalai,Bamboo chairs set of 2,S10,Agartala,6747.92,50.15,Bamboo chairs set of 2
Dhalai,Bamboo chairs set of 2,S20,Khowai,6229.52,7.01,Bamboo chairs set of 2
Dhalai,Bamboo chairs,S7,Dharmanagar,3139.58,16.62,Bamboo chairs
Dhalai,Bamboo chairs,S14,Khowai,2991.97,64.64,Bamboo chairs
Dhalai,Bamboo chairs,S10,Sonamura,2514.23,24.67,Bamboo chairs
Dhalai,Bamboo chairs,S10,Kumarghat,3285.13,64.03,Bamboo chairs
Dhalai,Rattan bamboo dinning table set of 2,S11,Agartala,4636.99,80.25,Rattan bamboo dinning table set of 2
Dhalai,Rattan bamboo dinning table set of 2,S18,Ambassa,5448.55,94.85,Rattan bamboo dinning table set of 2
Dhalai,Rattan bamboo dinning table set of 2,S12,Ambassa,5839.06,104.49,Rattan bamboo dinning table set of 2
Dhalai,Rattan bamboo dinning table set of 2,S12,Kumarghat,4471.21,74.31,Rattan bamboo dinning table set of 2
Dhalai,Ratan bamboo dinning table with chairs,S9,Kumarghat,10304.91,71.54,Ratan bamboo dinning table with chairs
Dhalai,Ratan bamboo dinning table with chairs,S11,Dharmanagar,10998.74,112.83,Ratan bamboo dinning table with chairs
Dhalai,Ratan bamboo dinning table with chairs,S17,Udaipur,9433.21,129.4,Ratan bamboo dinning table with chairs
Dhalai,Ratan bamboo dinning table with chairs,S20,Dharmanagar,8439.71,108.27,Ratan bamboo dinning table with chairs
Dhalai,Large round rattan table with 4 bamboo wicker stools,S6,Sonamura,6741.72,67.01,Large round rattan table with 4 bamboo wicker stools
Dhalai,Large round rattan table with 4 bamboo wicker stools,S10,Sonamura,7938.89,48.68,Large round rattan table with 4 bamboo wicker stools
Dhalai,Large round rattan table with 4 bamboo wicker stools,S14,Agartala,7829.86,84.76,Large round rattan table with 4 bamboo wicker stools
Dhalai,Large round rattan table with 4 bamboo wicker stools,S16,Khowai,6788.09,81.61,Large round rattan table with 4 bamboo wicker stools
Dhalai,Rounded bamboo coffee table,S20,Dharmanagar,2934.18,101.67,Rounded bamboo coffee table
Dhalai,Rounded bamboo coffee table,S11,Kumarghat,2909.5,128.32,Rounded bamboo coffee table
Dhalai,Rounded bamboo coffee table,S16,Kumarghat,2509.03,99,Rounded bamboo coffee table
Dhalai,Rounded bamboo coffee table,S4,Ambassa,2508.49,107.95,Rounded bamboo coffee table
Dhalai,Bamboo chair and morah set,S7,Belonia,5258.56,85.4,Bamboo chair and morah set
Dhalai,Bamboo chair and morah set,S4,Belonia,5893.67,142.13,Bamboo chair and morah set
Dhalai,Bamboo chair and morah set,S4,Sonamura,4618.71,96.18,Bamboo chair and morah set
Dhalai,Bamboo chair and morah set,S10,Dharmanagar,4382.87,103.37,Bamboo chair and morah set
Dhalai,Bamboo bed,S10,Sonamura,5037.03,104.9,Bamboo bed
Dhalai,Bamboo bed,S8,Udaipur,5328.19,101.05,Bamboo bed
Dhalai,Bamboo bed,S9,Belonia,5242.86,90.82,Bamboo bed
Dhalai,Bamboo bed,S17,Sonamura,4998.02,95.09,Bamboo bed
Dhalai,Cane apple chair,S14,Agartala,8158.58,12.59,Cane apple chair
Dhalai,Cane apple chair,S15,Khowai,8359.59,-4.69,Cane apple chair
Dhalai,Cane apple chair,S20,Agartala,8814.58,23.91,Cane apple chair
Dhalai,Cane apple chair,S6,Kumarghat,7129.42,-15.43,Cane apple chair
Dhalai,Bamboo and cane morah,S11,Khowai,1652.28,103.75,Bamboo and cane morah
Dhalai,Bamboo and cane morah,S15,Dharmanagar,1761.23,78.88,Bamboo and cane morah
Dhalai,Bamboo and cane morah,S3,Dharmanagar,1657.62,96.05,Bamboo and cane morah
Dhalai,Bamboo and cane morah,S11,Ambassa,1740.34,81.65,Bamboo and cane morah
Gomati,Bamboo coffee table,S18,Agartala,2224.42,72.14,Bamboo coffee table
Gomati,Bamboo coffee table,S7,Ambassa,2784.83,67.91,Bamboo coffee table
Gomati,Bamboo coffee table,S18,Belonia,2717.78,37.69,Bamboo coffee table
Gomati,Bamboo coffee table,S12,Dharmanagar,2580.07,70.57,Bamboo coffee table
Gomati,Blackpolish coin necklace,S19,Ambassa,266.09,26.86,Blackpolish coin necklace
Gomati,Blackpolish coin necklace,S8,Dharmanagar,288.51,79.96,Blackpolish coin necklace
Gomati,Blackpolish coin necklace,S16,Kumarghat,252.93,74.06,Blackpolish coin necklace
Gomati,Blackpolish coin necklace,S3,Khowai,221.44,24,Blackpolish coin necklace
Gomati,Silver coin choker,S8,Ambassa,359.35,134.81,Silver coin choker
Gomati,Silver coin choker,S3,Sonamura,334.18,120.78,Silver coin choker
Gomati,Silver coin choker,S3,Belonia,355.62,103.44,Silver coin choker
Gomati,Silver coin choker,S9,Ambassa,329.06,115.16,Silver coin choker
Gomati,Silver bracelet,S20,Ambassa,175.36,4.98,Silver bracelet
Gomati,Silver bracelet,S8,Kumarghat,181.36,21.22,Silver bracelet
Gomati,Silver bracelet,S14,Kumarghat,228.83,-1.17,Silver bracelet
Gomati,Silver bracelet,S19,Sonamura,227.22,-6.93,Silver bracelet
Gomati,Tribal traditional necklace,S12,Agartala,351.02,111.31,Tribal traditional necklace
Gomati,Tribal traditional necklace,S9,Dharmanagar,276.34,135.42,Tribal traditional necklace
Gomati,Tribal traditional necklace,S20,Sonamura,258.82,126.11,Tribal traditional necklace
Gomati,Tribal traditional necklace,S20,Kumarghat,318.81,108.22,Tribal traditional necklace
Gomati,Tripura coin necklace,S10,Sonamura,302.81,87.77,Tripura coin necklace
Gomati,Tripura coin necklace,S15,Kumarghat,335.3,91.09,Tripura coin necklace
Gomati,Tripura coin necklace,S9,Agartala,338.35,92.92,Tripura coin necklace
Gomati,Tripura coin necklace,S8,Udaipur,313.51,139.01,Tripura coin necklace
Gomati,Morocean silver necklace,S15,Sonamura,509.21,53.44,Morocean silver necklace
Gomati,Morocean silver necklace,S18,Kumarghat,455.94,70.4,Morocean silver necklace
Gomati,Morocean silver necklace,S7,Kumarghat,555.36,45.4,Morocean silver necklace
Gomati,Morocean silver necklace,S10,Sonamura,528.41,82.82,Morocean silver necklace
Gomati,Kanthi traditional ornaments of the reang,S17,Khowai,684.89,-15.47,Kanthi traditional ornaments of the reang
Gomati,Kanthi traditional ornaments of the reang,S19,Belonia,694.82,32.28,Kanthi traditional ornaments of the reang
Gomati,Kanthi traditional ornaments of the reang,S17,Dharmanagar,791.49,-20.16,Kanthi traditional ornaments of the reang
Gomati,Kanthi traditional ornaments of the reang,S15,Udaipur,585.04,29.38,Kanthi traditional ornaments of the reang
Gomati,Silver coin necklace,S5,Belonia,459.98,1.57,Silver coin necklace
Gomati,Silver coin necklace,S3,Khowai,532.1,9.97,Silver coin necklace
Gomati,Silver coin necklace,S14,Agartala,556.62,49.99,Silver coin necklace
Gomati,Silver coin necklace,S20,Sonamura,511.72,25.84,Silver coin necklace
Gomati,Coin jewellery of tribal,S16,Dharmanagar,227.17,63.19,Coin jewellery of tribal
Gomati,Coin jewellery of tribal,S18,Ambassa,294.86,61.07,Coin jewellery of tribal
Gomati,Coin jewellery of tribal,S5,Dharmanagar,244.28,63.82,Coin jewellery of tribal
Gomati,Coin jewellery of tribal,S19,Ambassa,272.54,72.55,Coin jewellery of tribal
Gomati,Silver mercury dime necklace,S14,Ambassa,372.13,14.97,Silver mercury dime necklace
Gomati,Silver mercury dime necklace,S18,Agartala,355.33,17.63,Silver mercury dime necklace
Gomati,Silver mercury dime necklace,S15,Sonamura,338.35,12.67,Silver mercury dime necklace
Gomati,Silver mercury dime necklace,S8,Sonamura,364.74,55.25,Silver mercury dime necklace
Gomati,Traditional jewellery,S18,Agartala,290.94,28.33,Traditional jewellery
Gomati,Traditional jewellery,S14,Sonamura,242.52,14.07,Traditional jewellery
Gomati,Traditional jewellery,S4,Khowai,272.13,21.11,Traditional jewellery
Gomati,Traditional jewellery,S7,Ambassa,300.08,35.21,Traditional jewellery
Gomati,Long coin chain,S6,Khowai,512,27.14,Long coin chain
Gomati,Long coin chain,S20,Dharmanagar,514.93,35.01,Long coin chain
Gomati,Long coin chain,S10,Agartala,455.31,29.59,Long coin chain
Gomati,Long coin chain,S14,Sonamura,400.06,33.3,Long coin chain
Gomati,Tripuras traditional jewellery,S5,Khowai,310.82,71.93,Tripuras traditional jewellery
Gomati,Tripuras traditional jewellery,S14,Belonia,327.34,107.98,Tripuras traditional jewellery
Gomati,Tripuras traditional jewellery,S10,Belonia,260.58,100.18,Tripuras traditional jewellery
Gomati,Tripuras traditional jewellery,S18,Ambassa,288.49,80.56,Tripuras traditional jewellery
Gomati,Tribal Silver kuchi banjara gypsy belly dance necklace,S5,Agartala,428.19,29.55,Tribal Silver kuchi banjara gypsy belly dance necklace
Gomati,Tribal Silver kuchi banjara gypsy belly dance necklace,S13,Kumarghat,559.79,43.3,Tribal Silver kuchi banjara gypsy belly dance necklace
Gomati,Tribal Silver kuchi banjara gypsy belly dance necklace,S11,Belonia,449.77,56.9,Tribal Silver kuchi banjara gypsy belly dance necklace
Gomati,Tribal Silver kuchi banjara gypsy belly dance necklace,S11,Khowai,410.62,38.82,Tribal Silver kuchi banjara gypsy belly dance necklace
Khowai,Tradisional jewellery,S13,Belonia,235.28,39.83,Tradisional jewellery
Khowai,Tradisional jewellery,S7,Kumarghat,179.62,52.03,Tradisional jewellery
Khowai,Tradisional jewellery,S13,Kumarghat,237.45,-0.73,Tradisional jewellery
Khowai,Tradisional jewellery,S7,Agartala,205.34,42.41,Tradisional jewellery
Khowai,Tripuras indigenous ethnic necklace,S6,Dharmanagar,567.1,41.05,Tripuras indigenous ethnic necklace
Khowai,Tripuras indigenous ethnic necklace,S11,Udaipur,561.85,58.78,Tripuras indigenous ethnic necklace
Khowai,Tripuras indigenous ethnic necklace,S16,Kumarghat,420.39,43.85,Tripuras indigenous ethnic necklace
Khowai,Tripuras indigenous ethnic necklace,S3,Kumarghat,525.1,63.11,Tripuras indigenous ethnic necklace
Khowai,Cane kulo/kula,S8,Kumarghat,257.84,39.88,Cane kulo/kula
Khowai,Cane kulo/kula,S3,Ambassa,223.17,36.55,Cane kulo/kula
Khowai,Cane kulo/kula,S4,Ambassa,221.67,60.23,Cane kulo/kula
Khowai,Cane kulo/kula,S16,Udaipur,269.15,49.49,Cane kulo/kula
Khowai,Cane hand fan,S12,Ambassa,159.01,88.4,Cane hand fan
Khowai,Cane hand fan,S14,Dharmanagar,140.88,85.72,Cane hand fan
Khowai,Cane hand fan,S9,Kumarghat,167.17,102.6,Cane hand fan
Khowai,Cane hand fan,S20,Kumarghat,142.96,79.77,Cane hand fan
Khowai,Cane table mat,S3,Ambassa,484.46,58.06,Cane table mat
Khowai,Cane table mat,S7,Khowai,475.98,20.62,Cane table mat
Khowai,Cane table mat,S17,Sonamura,419.34,29.3,Cane table mat
Khowai,Cane table mat,S10,Agartala,501.61,72.32,Cane table mat
Khowai,Multicolored cane hand fan,S5,Udaipur,205.51,76.85,Multicolored cane hand fan
Khowai,Multicolored cane hand fan,S4,Kumarghat,239.07,59.77,Multicolored cane hand fan
Khowai,Multicolored cane hand fan,S10,Belonia,265.86,52.5,Multicolored cane hand fan
Khowai,Multicolored cane hand fan,S5,Sonamura,221.37,31.36,Multicolored cane hand fan
Khowai,Window bamboo curtains,S7,Kumarghat,1061.03,29.69,Window bamboo curtains
Khowai,Window bamboo curtains,S18,Ambassa,935.69,4.89,Window bamboo curtains
Khowai,Window bamboo curtains,S18,Kumarghat,1185.61,-24.76,Window bamboo curtains
Khowai,Window bamboo curtains,S17,Ambassa,936.3,-12.36,Window bamboo curtains
Khowai,a,S18,Agartala,353.62,58.47,a
Khowai,a,S15,Ambassa,326.06,69.75,a
Khowai,a,S12,Kumarghat,311.49,69.99,a
Khowai,a,S19,Sonamura,241.25,54.06,a
Khowai,b,S7,Dharmanagar,464.35,86.29,b
Khowai,b,S12,Khowai,614.34,91.76,b
Khowai,b,S10,Khowai,578.17,76.2,b
Khowai,b,S12,Udaipur,590.76,94,b
Khowai,c,S9,Kumarghat,618.54,33.58,c
Khowai,c,S9,Belonia,622.99,39.59,c
Khowai,c,S19,Dharmanagar,510.25,65.96,c
Khowai,c,S10,Ambassa,663.45,17.78,c
Khowai,d,S14,Dharmanagar,655.61,75.27,d
Khowai,d,S13,Khowai,655.32,99.6,d
Khowai,d,S17,Ambassa,506.46,88.75,d
Khowai,d,S10,Sonamura,590.51,91.56,d
Khowai,e,S6,Belonia,862.31,103.64,e
Khowai,e,S12,Sonamura,779.27,81.46,e
Khowai,e,S15,Agartala,687.75,97.98,e
Khowai,e,S9,Kumarghat,841.89,87.42,e
Khowai,Bamboo cane hanging lampshade,S19,Sonamura,557.24,33.13,Bamboo cane hanging lampshade
Khowai,Bamboo cane hanging lampshade,S12,Belonia,493.37,61.93,Bamboo cane hanging lampshade
Khowai,Bamboo cane hanging lampshade,S8,Udaipur,422.39,58.27,Bamboo cane hanging lampshade
Khowai,Bamboo cane hanging lampshade,S10,Udaipur,459.45,47.39,Bamboo cane hanging lampshade
Khowai,f,S19,Sonamura,623.62,28.25,f
Khowai,f,S6,Dharmanagar,616.16,8.62,f
Khowai,f,S15,Ambassa,707.27,33.25,f
Khowai,f,S19,Dharmanagar,738.7,37.04,f
Khowai,g,S14,Dharmanagar,299.96,60.36,g
Khowai,g,S18,Belonia,391.16,28.96,g
Khowai,g,S16,Ambassa,326.54,33.58,g
Khowai,g,S3,Ambassa,410.32,57.35,g
Sipahijala,h,S19,Sonamura,672.6,60.85,h
Sipahijala,h,S13,Belonia,827.43,71.9,h
Sipahijala,h,S4,Udaipur,702.72,66.05,h
Sipahijala,h,S7,Belonia,662.54,54.83,h
Sipahijala,i,S4,Ambassa,730.19,9.45,i
Sipahijala,i,S8,Kumarghat,733.83,53.96,i
Sipahijala,i,S4,Sonamura,792.72,41.75,i
Sipahijala,i,S18,Udaipur,709.92,41.53,i
Sipahijala,Cane hair stick,S19,Belonia,96.49,141.97,Cane hair stick
Sipahijala,Cane hair stick,S13,Belonia,84.36,106.49,Cane hair stick
Sipahijala,Cane hair stick,S12,Khowai,116.35,156.19,Cane hair stick
Sipahijala,Cane hair stick,S12,Dharmanagar,97.04,135.02,Cane hair stick
Sipahijala,Ladies cane handbag,S11,Sonamura,259.68,3.34,Ladies cane handbag
Sipahijala,Ladies cane handbag,S17,Kumarghat,281.11,46.91,Ladies cane handbag
Sipahijala,Ladies cane handbag,S20,Sonamura,249.24,34.08,Ladies cane handbag
Sipahijala,Ladies cane handbag,S15,Dharmanagar,220.27,2.1,Ladies cane handbag
Sipahijala,j,S8,Udaipur,440.72,118.67,j
Sipahijala,j,S19,Agartala,366.92,135.1,j
Sipahijala,j,S17,Belonia,486.59,87.73,j
Sipahijala,j,S8,Agartala,516.39,114.76,j
Sipahijala,k,S18,Khowai,850.45,116.3,k
Sipahijala,k,S4,Udaipur,977.89,112.11,k
Sipahijala,k,S17,Ambassa,808.2,142.32,k
Sipahijala,k,S5,Dharmanagar,1096.38,99.97,k
Sipahijala,l,S20,Kumarghat,323.16,55.06,l
Sipahijala,l,S9,Kumarghat,326.87,95.73,l
Sipahijala,l,S13,Sonamura,426.89,62.68,l
Sipahijala,l,S17,Kumarghat,421.71,96.48,l
Sipahijala,m,S14,Sonamura,798.43,23.4,m
Sipahijala,m,S20,Belonia,616.03,51.72,m
Sipahijala,m,S7,Khowai,816.66,50.86,m
Sipahijala,m,S18,Sonamura,680.96,6.21,m
Sipahijala,n,S14,Udaipur,530.19,27.85,n
Sipahijala,n,S3,Belonia,610.67,-28.6,n
Sipahijala,n,S7,Sonamura,497.58,25.78,n
Sipahijala,n,S18,Agartala,605.53,19.24,n
Sipahijala,o,S17,Kumarghat,570.78,22.51,o
Sipahijala,o,S16,Kumarghat,465.97,20.47,o
Sipahijala,o,S17,Ambassa,483.45,21,o
Sipahijala,o,S9,Kumarghat,551.47,50.3,o
Sipahijala,p,S17,Dharmanagar,3195.81,9.78,p
Sipahijala,p,S7,Udaipur,4115.65,-1.34,p
Sipahijala,p,S6,Belonia,3390.15,13.11,p
Sipahijala,p,S20,Udaipur,3354.72,-23.48,p
Sipahijala,q,S10,Udaipur,455.46,66.75,q
Sipahijala,q,S17,Khowai,528.65,73.06,q
Sipahijala,q,S5,Kumarghat,622.83,60.73,q
Sipahijala,q,S8,Sonamura,493.27,68.56,q
Sipahijala,r,S8,Ambassa,516.32,50.12,r
Sipahijala,r,S20,Ambassa,371.07,18.16,r
Sipahijala,r,S9,Agartala,471.4,32.23,r
Sipahijala,r,S10,Ambassa,422.66,34.07,r
Sipahijala,s,S20,Dharmanagar,742.39,86.2,s
Sipahijala,s,S15,Dharmanagar,741.2,88.64,s
Sipahijala,s,S19,Sonamura,825.64,77.65,s
Sipahijala,s,S17,Khowai,916.31,96.84,s
Sipahijala,t,S14,Kumarghat,577.13,20.16,t
Sipahijala,t,S8,Khowai,583.95,37.79,t
Sipahijala,t,S5,Sonamura,553.27,22.9,t
Sipahijala,t,S20,Belonia,624.96,50.82,t
Unakoti,u,S12,Agartala,458.64,59.24,u
Unakoti,u,S5,Ambassa,523.03,64.45,u
Unakoti,u,S8,Kumarghat,379.25,103.33,u
Unakoti,u,S9,Agartala,514.93,82.89,u
Unakoti,v,S10,Belonia,340.02,99.93,v
Unakoti,v,S10,Agartala,361.08,109.24,v
Unakoti,v,S11,Ambassa,313.51,112.82,v
Unakoti,v,S9,Sonamura,370.22,79.61,v
Unakoti,Rina risaiTraditional attire of Tripura,S18,Agartala,249.55,10.18,Rina risaiTraditional attire of Tripura
Unakoti,Rina risaiTraditional attire of Tripura,S13,Ambassa,260.3,-9.21,Rina risaiTraditional attire of Tripura
Unakoti,Rina risaiTraditional attire of Tripura,S9,Belonia,240.17,-1.5,Rina risaiTraditional attire of Tripura
Unakoti,Rina risaiTraditional attire of Tripura,S13,Khowai,295.36,40.41,Rina risaiTraditional attire of Tripura
Unakoti,w,S18,Dharmanagar,669.3,119.24,w
Unakoti,w,S12,Kumarghat,562.42,137.25,w
Unakoti,w,S6,Kumarghat,643.71,83.22,w
Unakoti,w,S20,Ambassa,764.39,132.05,w
Unakoti,x,S5,Ambassa,610.38,-11.27,x
Unakoti,x,S17,Dharmanagar,686.69,25.73,x
Unakoti,x,S19,Dharmanagar,882.45,7.35,x
Unakoti,x,S7,Udaipur,907.81,1.16,x
Unakoti,y,S13,Dharmanagar,623.9,25,y
Unakoti,y,S14,Kumarghat,642.67,23.36,y
Unakoti,y,S12,Khowai,508.52,22.28,y
Unakoti,y,S11,Sonamura,462.58,-0.23,y
Unakoti,z,S16,Dharmanagar,280.25,32.14,z
Unakoti,z,S6,Belonia,313.69,59.17,z
Unakoti,z,S17,Belonia,307.96,32.36,z
Unakoti,z,S7,Udaipur,328.9,61.53,z
Unakoti,a1,S13,Agartala,1000.01,90.89,a1
Unakoti,a1,S13,Khowai,976.53,112.74,a1
Unakoti,a1,S10,Belonia,803.98,83.96,a1
Unakoti,a1,S5,Belonia,915.75,107.98,a1
Unakoti,b2,S9,Belonia,1055.76,109.91,b2
Unakoti,b2,S10,Udaipur,1055.88,138.72,b2
Unakoti,b2,S4,Khowai,1050.36,101.82,b2
Unakoti,b2,S6,Ambassa,1101.06,143.73,b2
Unakoti,c2,S5,Kumarghat,2868.99,92.84,c2
Unakoti,c2,S8,Agartala,3217.74,88.19,c2
Unakoti,c2,S5,Dharmanagar,2682.41,90.94,c2
Unakoti,c2,S11,Sonamura,2967.96,64.75,c2
Unakoti,d2,S9,Khowai,932.66,135.87,d2
Unakoti,d2,S9,Dharmanagar,1046.57,144.34,d2
Unakoti,d2,S5,Agartala,1119.59,116.61,d2
Unakoti,d2,S17,Belonia,892.8,99.3,d2
Unakoti,e2,S9,Ambassa,1036.28,138.08,e2
Unakoti,e2,S17,Udaipur,1039.87,120.42,e2
Unakoti,e2,S14,Udaipur,1078.15,120.68,e2
Unakoti,e2,S7,Kumarghat,1120.83,136.31,e2
Unakoti,Wooden water bottle,S12,Sonamura,1268.25,100.67,Wooden water bottle
Unakoti,Wooden water bottle,S13,Kumarghat,1327.68,110.67,Wooden water bottle
Unakoti,Wooden water bottle,S5,Agartala,998.28,81.77,Wooden water bottle
Unakoti,Wooden water bottle,S15,Sonamura,1130.64,70.82,Wooden water bottle
Unakoti,f2,S12,Kumarghat,372.05,-2.31,f2
Unakoti,f2,S5,Khowai,366.47,29.04,f2
Unakoti,f2,S8,Agartala,389.15,13.21,f2
Unakoti,f2,S4,Ambassa,305.67,-2.05,f2
Unakoti,g2,S17,Belonia,409.49,76.45,g2
Unakoti,g2,S17,Ambassa,537.75,68.81,g2
Unakoti,g2,S20,Khowai,372.94,76.56,g2
Unakoti,g2,S7,Agartala,486.5,85.01,g2
North Tripura,h2,S13,Udaipur,1092.03,73.84,h2
North Tripura,h2,S3,Ambassa,963.67,85.17,h2
North Tripura,h2,S10,Khowai,966.21,85.97,h2
North Tripura,h2,S19,Sonamura,1138.64,49.96,h2
North Tripura,i2,S3,Udaipur,1116.64,101.71,i2
North Tripura,i2,S13,Udaipur,1391.92,65.27,i2
North Tripura,i2,S9,Agartala,1205.52,91.69,i2
North Tripura,i2,S19,Kumarghat,1169.72,115.25,i2
North Tripura,j2,S14,Ambassa,1391.76,7.24,j2
North Tripura,j2,S15,Dharmanagar,1606.4,30.2,j2
North Tripura,j2,S13,Agartala,1279.21,2.48,j2
North Tripura,j2,S8,Sonamura,1498.19,12.93,j2
North Tripura,k2,S5,Khowai,1500.59,103.74,k2
North Tripura,k2,S8,Khowai,1988.79,100.05,k2
North Tripura,k2,S5,Khowai,1962.13,93.84,k2
North Tripura,k2,S5,Dharmanagar,1553.78,103.03,k2
North Tripura,l2,S19,Kumarghat,1572.08,-6.68,l2
North Tripura,l2,S16,Dharmanagar,1122.01,-3.15,l2
North Tripura,l2,S13,Khowai,1392.82,28.27,l2
North Tripura,l2,S19,Udaipur,1246.42,11.07,l2
North Tripura,m2,S19,Dharmanagar,368.04,-11.44,m2
North Tripura,m2,S11,Sonamura,508.81,30.32,m2
North Tripura,m2,S17,Kumarghat,452.97,23.49,m2
North Tripura,m2,S14,Sonamura,481.35,10.43,m2
North Tripura,n2,S18,Belonia,594.89,58.24,n2
North Tripura,n2,S4,Khowai,545.23,31.99,n2
North Tripura,n2,S6,Ambassa,638.82,43.49,n2
North Tripura,n2,S15,Agartala,749.22,34.87,n2
North Tripura,a2,S13,Ambassa,845.96,88.24,a2
North Tripura,a2,S7,Agartala,650.85,106.47,a2
North Tripura,a2,S9,Dharmanagar,866.68,101.89,a2
North Tripura,a2,S19,Kumarghat,794.72,79.97,a2
North Tripura,b3,S8,Khowai,269.95,111.55,b3
North Tripura,b3,S14,Sonamura,250.26,109.13,b3
North Tripura,b3,S5,Sonamura,189.25,89.35,b3
North Tripura,b3,S12,Kumarghat,227.9,117.86,b3
North Tripura,c3,S4,Ambassa,1308.48,97.63,c3
North Tripura,c3,S13,Kumarghat,1589.26,91.29,c3
North Tripura,c3,S5,Sonamura,1523.59,104.3,c3
North Tripura,c3,S8,Agartala,1757.79,66.08,c3
North Tripura,d3,S10,Belonia,246.81,98.9,d3
North Tripura,d3,S4,Dharmanagar,234.07,112.37,d3
North Tripura,d3,S18,Belonia,274.27,106.22,d3
North Tripura,d3,S9,Agartala,316.75,145.31,d3
North Tripura,e3,S4,Ambassa,521.17,105.17,e3
North Tripura,e3,S9,Dharmanagar,444.06,105.15,e3
North Tripura,e3,S5,Dharmanagar,422.69,158.66,e3
North Tripura,e3,S19,Sonamura,517.28,124.88,e3
North Tripura,f3,S18,Dharmanagar,618.57,65.6,f3
North Tripura,f3,S17,Dharmanagar,604.91,68.4,f3
North Tripura,f3,S17,Sonamura,735.82,78.24,f3
North Tripura,f3,S9,Khowai,629.26,96.57,f3
North Tripura,g3,S11,Udaipur,935.74,15.21,g3
North Tripura,g3,S16,Khowai,709.15,8.1,g3
North Tripura,g3,S16,Khowai,991.84,12.79,g3
North Tripura,g3,S4,Belonia,903.63,-3.94,g3
North Tripura,h3,S18,Ambassa,947.14,93,h3
North Tripura,h3,S18,Sonamura,1008.65,85.39,h3
North Tripura,h3,S13,Belonia,980.75,79.87,h3
North Tripura,h3,S6,Belonia,908.61,116.66,h3
South Tripura,i3,S7,Ambassa,507.38,81.95,i3
South Tripura,i3,S6,Udaipur,441.54,78.34,i3
South Tripura,i3,S7,Khowai,368.72,87.25,i3
South Tripura,i3,S13,Kumarghat,473.78,63.27,i3
South Tripura,j3,S9,Udaipur,808.14,77.5,j3
South Tripura,j3,S19,Belonia,1134.78,70.59,j3
South Tripura,j3,S5,Ambassa,1116.89,103.41,j3
South Tripura,j3,S20,Kumarghat,977.95,46.25,j3
South Tripura,k3,S13,Khowai,406.29,169.16,k3
South Tripura,k3,S19,Dharmanagar,348.83,149.17,k3
South Tripura,k3,S19,Belonia,388.82,161.36,k3
South Tripura,k3,S10,Belonia,367.66,133.27,k3
South Tripura,l3,S18,Agartala,853.06,4.46,l3
South Tripura,l3,S5,Dharmanagar,943.66,44.19,l3
South Tripura,l3,S4,Udaipur,674.6,46.77,l3
South Tripura,l3,S16,Dharmanagar,941.47,33.8,l3
South Tripura,m3,S17,Belonia,255.1,163.5,m3
South Tripura,m3,S20,Dharmanagar,216,149.25,m3
South Tripura,m3,S19,Dharmanagar,260.07,132.61,m3
South Tripura,m3,S18,Dharmanagar,203.64,116.71,m3
South Tripura,n3,S9,Belonia,1255.86,121.59,n3
South Tripura,n3,S7,Khowai,1080.25,152.93,n3
South Tripura,n3,S5,Belonia,1143.72,146.54,n3
South Tripura,n3,S8,Agartala,1121.78,106.32,n3
South Tripura,o3,S11,Sonamura,2155.13,84.83,o3
South Tripura,o3,S18,Kumarghat,2228.69,126.64,o3
South Tripura,o3,S19,Belonia,2428.28,87.3,o3
South Tripura,o3,S17,Udaipur,2391.39,75.55,o3
South Tripura,p3,S4,Belonia,4205.07,14.86,p3
South Tripura,p3,S17,Agartala,4126,49.19,p3
South Tripura,p3,S10,Udaipur,3828.61,30.81,p3
South Tripura,p3,S19,Sonamura,4990.89,61.78,p3
South Tripura,q3,S14,Sonamura,8033.05,65.34,q3
South Tripura,q3,S16,Khowai,9086.88,16.45,q3
South Tripura,q3,S10,Kumarghat,9679,27.78,q3
South Tripura,q3,S8,Ambassa,9496.61,62.5,q3
South Tripura,r3,S8,Kumarghat,729.35,47.76,r3
South Tripura,r3,S14,Kumarghat,760.02,57.75,r3
South Tripura,r3,S14,Belonia,947.77,91.07,r3
South Tripura,r3,S8,Ambassa,763.4,100.85,r3
South Tripura,s3,S15,Kumarghat,612.81,14.71,s3
South Tripura,s3,S10,Ambassa,609.35,45.67,s3
South Tripura,s3,S3,Khowai,676.81,12.88,s3
South Tripura,s3,S12,Khowai,760.45,41.89,s3
South Tripura,t3,S14,Udaipur,531.5,-4.13,t3
South Tripura,t3,S7,Udaipur,516.62,-23.57,t3
South Tripura,t3,S6,Dharmanagar,527.36,-23.96,t3
South Tripura,t3,S18,Ambassa,553,10.6,t3
South Tripura,u3,S6,Sonamura,583.89,97.59,u3
South Tripura,u3,S16,Ambassa,447.92,91.67,u3
South Tripura,u3,S17,Ambassa,479.82,88.99,u3
South Tripura,u3,S3,Agartala,449.31,69.04,u3
South Tripura,v3,S3,Kumarghat,387.25,138.53,v3
South Tripura,v3,S12,Belonia,345.43,108.55,v3
South Tripura,v3,S6,Belonia,320.23,89.64,v3
South Tripura,v3,S5,Dharmanagar,430.07,90.31,v3
South Tripura,w3,S8,Agartala,256.74,92.35,w3
South Tripura,w3,S15,Dharmanagar,265.79,59.83,w3
South Tripura,w3,S13,Dharmanagar,309.3,104.31,w3
South Tripura,w3,S15,Dharmanagar,252.64,60.97,w3
West Tripura,x3,S5,Kumarghat,161.15,1.3,x3
West Tripura,x3,S10,Sonamura,218.44,13.32,x3
West Tripura,x3,S10,Dharmanagar,212.97,13.93,x3
West Tripura,x3,S18,Khowai,223.67,5.54,x3
West Tripura,y3,S11,Dharmanagar,1413.9,-18.42,y3
West Tripura,y3,S10,Kumarghat,1400.42,27.64,y3
West Tripura,y3,S8,Khowai,1299.12,-4.92,y3
West Tripura,y3,S19,Khowai,1180.78,-27.35,y3
West Tripura,z3,S11,Sonamura,1627.95,79.03,z3
West Tripura,z3,S3,Kumarghat,1446.79,135.41,z3
West Tripura,z3,S14,Agartala,1423.59,114.06,z3
West Tripura,z3,S8,Kumarghat,1663.14,101.4,z3
West Tripura,a3,S20,Ambassa,2992.23,78.82,a3
West Tripura,a3,S17,Agartala,2890.15,77.32,a3
West Tripura,a3,S18,Sonamura,2879.49,61.45,a3
West Tripura,a3,S11,Dharmanagar,2277.55,32.33,a3
West Tripura,b4,S16,Dharmanagar,2783.87,110.34,b4
West Tripura,b4,S13,Belonia,2833.1,104.92,b4
West Tripura,b4,S17,Dharmanagar,2466.46,61.17,b4
West Tripura,b4,S8,Dharmanagar,2794.81,100.01,b4
West Tripura,c4,S18,Ambassa,3523.09,88.69,c4
West Tripura,c4,S5,Dharmanagar,3016.6,65.2,c4
West Tripura,c4,S10,Dharmanagar,3313.04,76.44,c4
West Tripura,c4,S4,Udaipur,3492.95,66.92,c4
West Tripura,d4,S10,Dharmanagar,291.77,19.93,d4
West Tripura,d4,S8,Sonamura,320.72,40.74,d4
West Tripura,d4,S17,Ambassa,278.82,70.6,d4
West Tripura,d4,S14,Agartala,323.45,69.8,d4
West Tripura,e4,S16,Kumarghat,856.85,46.82,e4
West Tripura,e4,S14,Sonamura,1113.59,33.75,e4
West Tripura,e4,S20,Belonia,856.93,27.56,e4
West Tripura,e4,S6,Khowai,963.76,51.52,e4
West Tripura,f4,S17,Dharmanagar,336.62,58.83,f4
West Tripura,f4,S8,Dharmanagar,375.93,59.19,f4
West Tripura,f4,S11,Khowai,414.73,47.06,f4
West Tripura,f4,S5,Udaipur,341.85,11.6,f4
West Tripura,g4,S12,Agartala,680.49,14.93,g4
West Tripura,g4,S12,Ambassa,592.42,21.54,g4
West Tripura,g4,S14,Agartala,610.86,16.26,g4
West Tripura,g4,S8,Belonia,588.38,-20.1,g4
West Tripura,h4,S15,Dharmanagar,833.29,12.4,h4
West Tripura,h4,S15,Khowai,823.62,33.8,h4
West Tripura,h4,S17,Belonia,1027.67,53.8,h4
West Tripura,h4,S13,Sonamura,892,10.89,h4
West Tripura,i4,S13,Belonia,604.76,89.55,i4
West Tripura,i4,S14,Khowai,463.76,75.65,i4
West Tripura,i4,S20,Kumarghat,531.82,95.12,i4
West Tripura,i4,S9,Belonia,639.28,104.56,i4
West Tripura,j4,S4,Udaipur,413.68,16.08,j4
West Tripura,j4,S17,Belonia,457.36,-18.78,j4
West Tripura,j4,S4,Belonia,523.69,15.78,j4
West Tripura,j4,S7,Udaipur,478.19,0.71,j4
West Tripura,k4,S9,Belonia,697.93,49.67,k4
West Tripura,k4,S4,Kumarghat,568.18,60.55,k4
West Tripura,k4,S19,Belonia,588.62,81.75,k4
West Tripura,k4,S19,Udaipur,601.06,83.27,k4
West Tripura,l4,S10,Ambassa,462.52,-16.35,l4
West Tripura,l4,S19,Sonamura,481.63,23.96,l4
West Tripura,l4,S10,Dharmanagar,345.08,0.11,l4
West Tripura,l4,S17,Dharmanagar,411.88,-8.96,l4
